<?xml version="1.0" encoding="UTF-8"?>
<project-private xmlns="http://www.netbeans.org/ns/project-private/1">
    <editor-bookmarks xmlns="http://www.netbeans.org/ns/editor-bookmarks/2" lastBookmarkId="0"/>
    <open-files xmlns="http://www.netbeans.org/ns/projectui-open-files/2">
        <group>
            <file>file:/C:/Users/ASUS/Documents/NetBeansProjects/apk/src/apk/Apk.java</file>
            <file>file:/C:/Users/ASUS/Documents/NetBeansProjects/apk/src/apk/barang.java</file>
            <file>file:/C:/Users/ASUS/Documents/NetBeansProjects/apk/src/apk/login.java</file>
            <file>file:/C:/Users/ASUS/Documents/NetBeansProjects/apk/src/apk/main.java</file>
            <file>file:/C:/Users/ASUS/Documents/NetBeansProjects/apk/src/conect/conek.java</file>
            <file>file:/C:/Users/ASUS/Documents/NetBeansProjects/apk/src/apk/dashboard2.java</file>
            <file>file:/C:/Users/ASUS/Documents/NetBeansProjects/apk/src/apk/regis.java</file>
            <file>file:/C:/Users/ASUS/Documents/NetBeansProjects/apk/src/apk/dashboard3.java</file>
        </group>
    </open-files>
</project-private>
